Job Date,Waste Desc,Bin Qty,Tonnage
01/11/2018,Dry Mixed Recyclate,3,0.126
01/11/2018,General Waste,8,0.65
02/11/2018,Dry Mixed Recyclate,3,0.123
02/11/2018,General Waste,8,0.712
03/11/2018,Dry Mixed Recyclate,3,0.133
03/11/2018,General Waste,8,0.645
05/11/2018,Dry Mixed Recyclate,3,0.138
05/11/2018,General Waste,8,1.025
05/11/2018,Kitchen/Canteen Wast,4,0.105
05/11/2018,Glass,1,0
06/11/2018,Dry Mixed Recyclate,3,0.15
06/11/2018,General Waste,8,0.612
07/11/2018,Dry Mixed Recyclate,3,0.151
07/11/2018,General Waste,8,0.526
08/11/2018,Dry Mixed Recyclate,3,0.183
08/11/2018,General Waste,8,0.573
09/11/2018,Dry Mixed Recyclate,3,0.25
09/11/2018,General Waste,8,0.75
10/11/2018,Dry Mixed Recyclate,3,0
10/11/2018,General Waste,8,0
10/11/2018,Dry Mixed Recyclate,3,0.112
10/11/2018,General Waste,8,0.557
12/11/2018,Dry Mixed Recyclate,3,0.046
12/11/2018,General Waste,8,0.588
12/11/2018,Kitchen/Canteen Wast,4,0
12/11/2018,Glass,1,0
13/11/2018,Dry Mixed Recyclate,3,0.02
13/11/2018,General Waste,8,0.1
14/11/2018,Dry Mixed Recyclate,3,0.103
14/11/2018,General Waste,8,0.491
15/11/2018,Dry Mixed Recyclate,3,0.14
15/11/2018,General Waste,8,0.774
16/11/2018,Dry Mixed Recyclate,3,0.08
16/11/2018,General Waste,8,0.21
17/11/2018,Dry Mixed Recyclate,3,0.057
17/11/2018,General Waste,8,0.336
19/11/2018,Dry Mixed Recyclate,3,0.044
19/11/2018,General Waste,8,0.984
19/11/2018,Kitchen/Canteen Wast,4,0.3
19/11/2018,Glass,1,0
20/11/2018,Dry Mixed Recyclate,3,0.129
20/11/2018,General Waste,8,0.609
21/11/2018,Dry Mixed Recyclate,3,0.087
21/11/2018,General Waste,8,0.543
22/11/2018,Dry Mixed Recyclate,3,0.15
22/11/2018,General Waste,8,0.841
23/11/2018,Dry Mixed Recyclate,3,0.18
23/11/2018,General Waste,8,0.735
24/11/2018,Dry Mixed Recyclate,3,0.287
24/11/2018,General Waste,8,0.614
26/11/2018,Dry Mixed Recyclate,3,0.079
26/11/2018,General Waste,8,1.102
26/11/2018,Kitchen/Canteen Wast,4,0.25
26/11/2018,Glass,1,0
27/11/2018,Dry Mixed Recyclate,3,0.15
27/11/2018,General Waste,8,0.58
28/11/2018,Dry Mixed Recyclate,3,0.101
28/11/2018,General Waste,8,0.655
29/11/2018,Dry Mixed Recyclate,3,0.082
29/11/2018,General Waste,8,0.557
30/11/2018,Dry Mixed Recyclate,3,0.2
30/11/2018,General Waste,8,0.6
01/12/2018,Dry Mixed Recyclate,3,0.101
01/12/2018,General Waste,8,0.499
03/12/2018,Dry Mixed Recyclate,3,0.104
03/12/2018,General Waste,8,1.137
03/12/2018,Kitchen/Canteen Wast,4,0.16
03/12/2018,Glass,1,0
04/12/2018,Dry Mixed Recyclate,3,0.09
04/12/2018,General Waste,8,0.75
05/12/2018,Dry Mixed Recyclate,3,0.109
05/12/2018,General Waste,8,0.686
06/12/2018,Dry Mixed Recyclate,3,0.092
06/12/2018,General Waste,8,0.702
07/12/2018,Dry Mixed Recyclate,3,0.08
07/12/2018,General Waste,8,0.95
08/12/2018,Dry Mixed Recyclate,3,0.086
08/12/2018,General Waste,8,0.29
10/12/2018,Dry Mixed Recyclate,3,0.126
10/12/2018,General Waste,8,1.075
10/12/2018,Kitchen/Canteen Wast,4,0.26
10/12/2018,Glass,1,0
11/12/2018,Dry Mixed Recyclate,3,0.181
11/12/2018,General Waste,8,0.732
12/12/2018,Dry Mixed Recyclate,3,0.115
12/12/2018,General Waste,8,0.762
13/12/2018,Dry Mixed Recyclate,3,0.119
13/12/2018,General Waste,8,0.845
14/12/2018,Dry Mixed Recyclate,3,0.3
14/12/2018,General Waste,8,0.3
15/12/2018,Dry Mixed Recyclate,3,0.156
15/12/2018,General Waste,8,0.73
17/12/2018,Dry Mixed Recyclate,3,0.072
17/12/2018,General Waste,8,0.93
17/12/2018,Kitchen/Canteen Wast,4,0.37
17/12/2018,Glass,1,0
18/12/2018,Dry Mixed Recyclate,3,0.35
18/12/2018,General Waste,8,1.01
19/12/2018,Dry Mixed Recyclate,3,0.059
19/12/2018,General Waste,8,0.72
20/12/2018,Dry Mixed Recyclate,3,0.111
20/12/2018,General Waste,8,0.656
21/12/2018,Dry Mixed Recyclate,3,0.25
21/12/2018,General Waste,8,0.75
22/12/2018,Dry Mixed Recyclate,3,0.138
22/12/2018,General Waste,8,0.48
24/12/2018,Dry Mixed Recyclate,3,0.079
24/12/2018,General Waste,8,0.786
24/12/2018,Kitchen/Canteen Wast,4,0.15
24/12/2018,Glass,1,0.01
25/12/2018,Dry Mixed Recyclate,3,0
25/12/2018,General Waste,8,0
26/12/2018,Dry Mixed Recyclate,3,0.033
26/12/2018,General Waste,8,0.308
27/12/2018,Dry Mixed Recyclate,3,0.055
27/12/2018,General Waste,8,0.355
28/12/2018,Dry Mixed Recyclate,3,0.05
28/12/2018,General Waste,8,0.74
29/12/2018,Dry Mixed Recyclate,3,0.122
29/12/2018,General Waste,8,0.477
31/12/2018,Dry Mixed Recyclate,3,0.066
31/12/2018,General Waste,8,0.906
31/12/2018,Kitchen/Canteen Wast,4,0.26
31/12/2018,Glass,1,0
01/01/2019,Dry Mixed Recyclate,3,0
01/01/2019,General Waste,8,0
02/01/2019,Dry Mixed Recyclate,3,0.064
02/01/2019,General Waste,8,0.613
03/01/2019,Dry Mixed Recyclate,3,0.043
03/01/2019,General Waste,8,0.665
04/01/2019,Dry Mixed Recyclate,3,0.12
04/01/2019,General Waste,8,0.7
05/01/2019,Dry Mixed Recyclate,3,0.134
05/01/2019,General Waste,8,0.586
07/01/2019,Dry Mixed Recyclate,3,0.069
07/01/2019,General Waste,8,0.738
07/01/2019,Kitchen/Canteen Wast,4,0.24
07/01/2019,Glass,1,0.02
08/01/2019,Dry Mixed Recyclate,3,0.113
08/01/2019,General Waste,8,0.654
09/01/2019,Dry Mixed Recyclate,3,0.166
09/01/2019,General Waste,8,0.577
10/01/2019,Dry Mixed Recyclate,3,0.105
10/01/2019,General Waste,8,0.599
11/01/2019,Dry Mixed Recyclate,3,0.163
11/01/2019,General Waste,8,0.646
12/01/2019,Dry Mixed Recyclate,3,0.097
12/01/2019,General Waste,8,0.889
14/01/2019,Dry Mixed Recyclate,3,0.06
14/01/2019,General Waste,8,0.754
14/01/2019,Kitchen/Canteen Wast,4,0.22
14/01/2019,Glass,1,0.01
15/01/2019,Dry Mixed Recyclate,3,0.1
15/01/2019,General Waste,8,0.8
16/01/2019,Dry Mixed Recyclate,3,0.115
16/01/2019,General Waste,8,0.567
17/01/2019,Dry Mixed Recyclate,3,0.101
17/01/2019,General Waste,8,0.633
18/01/2019,Dry Mixed Recyclate,3,0.075
18/01/2019,General Waste,8,0.72
19/01/2019,Dry Mixed Recyclate,3,0.103
19/01/2019,General Waste,8,0.625
21/01/2019,Dry Mixed Recyclate,3,0.033
21/01/2019,General Waste,8,0.964
21/01/2019,Kitchen/Canteen Wast,4,0.3
21/01/2019,Glass,1,0.01
22/01/2019,Dry Mixed Recyclate,3,0.11
22/01/2019,General Waste,8,0.67
23/01/2019,Dry Mixed Recyclate,3,0.107
23/01/2019,General Waste,8,0.709
24/01/2019,Dry Mixed Recyclate,3,0.179
24/01/2019,General Waste,8,0.651
25/01/2019,Dry Mixed Recyclate,3,0.06
25/01/2019,General Waste,8,0.15
26/01/2019,Dry Mixed Recyclate,3,0.1
26/01/2019,General Waste,8,0.447
28/01/2019,Dry Mixed Recyclate,3,0.114
28/01/2019,General Waste,8,0.678
28/01/2019,Kitchen/Canteen Wast,4,0.07
28/01/2019,Glass,1,0.01
29/01/2019,Dry Mixed Recyclate,3,0.153
29/01/2019,General Waste,8,0.663
30/01/2019,Dry Mixed Recyclate,3,0
30/01/2019,General Waste,8,0
31/01/2019,Dry Mixed Recyclate,3,0.112
31/01/2019,General Waste,8,0.61
01/02/2019,Dry Mixed Recyclate,3,0.21
01/02/2019,General Waste,8,0.68
02/02/2019,Dry Mixed Recyclate,3,0.594
02/02/2019,General Waste,8,0.718
04/02/2019,Dry Mixed Recyclate,3,0.127
04/02/2019,General Waste,8,0.847
04/02/2019,Kitchen/Canteen Wast,4,0.43
04/02/2019,Glass,1,0.01
05/02/2019,Dry Mixed Recyclate,3,0.22
05/02/2019,General Waste,8,0.64
06/02/2019,Dry Mixed Recyclate,3,0.025
06/02/2019,General Waste,8,0.458
07/02/2019,Dry Mixed Recyclate,3,0.095
07/02/2019,General Waste,8,0.651
08/02/2019,Dry Mixed Recyclate,3,0.22
08/02/2019,General Waste,8,0.33
09/02/2019,Dry Mixed Recyclate,3,0.1
09/02/2019,General Waste,8,0.615
11/02/2019,Dry Mixed Recyclate,3,0.107
11/02/2019,General Waste,8,1.085
11/02/2019,Kitchen/Canteen Wast,4,0.26
11/02/2019,Glass,1,0.015
12/02/2019,Dry Mixed Recyclate,3,0.13
12/02/2019,General Waste,8,0.597
13/02/2019,Dry Mixed Recyclate,3,0.146
13/02/2019,General Waste,8,0.503
14/02/2019,Dry Mixed Recyclate,3,0.134
14/02/2019,General Waste,8,0.725
15/02/2019,Dry Mixed Recyclate,3,0.12
15/02/2019,General Waste,8,0.8
16/02/2019,Dry Mixed Recyclate,3,0.166
16/02/2019,General Waste,8,0.784
18/02/2019,Dry Mixed Recyclate,3,0.106
18/02/2019,General Waste,8,0.971
18/02/2019,Kitchen/Canteen Wast,4,0.27
18/02/2019,Glass,1,0
19/02/2019,Dry Mixed Recyclate,3,0.08
19/02/2019,General Waste,8,0.21
20/02/2019,Dry Mixed Recyclate,3,0.042
20/02/2019,General Waste,8,0.633
21/02/2019,Dry Mixed Recyclate,3,0.119
21/02/2019,General Waste,8,0.746
22/02/2019,Dry Mixed Recyclate,3,0.25
22/02/2019,General Waste,8,0.5
23/02/2019,Dry Mixed Recyclate,3,0.106
23/02/2019,General Waste,8,0.371
25/02/2019,Dry Mixed Recyclate,3,0.077
25/02/2019,General Waste,8,0.866
25/02/2019,Kitchen/Canteen Wast,4,0.12
25/02/2019,Glass,1,0.01
26/02/2019,Dry Mixed Recyclate,3,0.204
26/02/2019,General Waste,8,0.709
27/02/2019,Dry Mixed Recyclate,3,0.093
27/02/2019,General Waste,8,0.555
28/02/2019,Dry Mixed Recyclate,3,0.106
28/02/2019,General Waste,8,0.689
01/03/2019,Dry Mixed Recyclate,3,0.12
01/03/2019,General Waste,8,0.59
02/03/2019,Dry Mixed Recyclate,3,0.124
02/03/2019,General Waste,8,0.505
04/03/2019,Dry Mixed Recyclate,3,0.113
04/03/2019,General Waste,8,1.008
04/03/2019,Kitchen/Canteen Wast,4,0.09
04/03/2019,Glass,1,0.01
05/03/2019,Dry Mixed Recyclate,3,0.07
05/03/2019,General Waste,8,0.22
06/03/2019,Dry Mixed Recyclate,3,0.104
06/03/2019,General Waste,8,0.634
07/03/2019,Dry Mixed Recyclate,3,0.098
07/03/2019,General Waste,3,0.119
07/03/2019,General Waste,8,0.433
08/03/2019,Dry Mixed Recyclate,3,0.065
08/03/2019,General Waste,8,0.18
08/03/2019,General Waste,3,0.09
09/03/2019,Dry Mixed Recyclate,3,0.112
09/03/2019,General Waste,3,0.162
09/03/2019,General Waste,8,0.399
11/03/2019,Dry Mixed Recyclate,3,0.098
11/03/2019,General Waste,3,0.127
11/03/2019,General Waste,8,0.653
11/03/2019,Kitchen/Canteen Wast,4,0.14
11/03/2019,Glass,1,0.01
12/03/2019,Dry Mixed Recyclate,3,0.21
12/03/2019,General Waste,8,0.554
12/03/2019,General Waste,3,0.08
13/03/2019,Dry Mixed Recyclate,3,0.128
13/03/2019,General Waste,3,0.22
13/03/2019,General Waste,8,0.541
14/03/2019,Dry Mixed Recyclate,3,0.157
14/03/2019,General Waste,3,0.165
14/03/2019,General Waste,8,0.679
15/03/2019,Dry Mixed Recyclate,3,0.12
15/03/2019,General Waste,8,0.3
15/03/2019,General Waste,3,0.2
16/03/2019,Dry Mixed Recyclate,3,0.16
16/03/2019,General Waste,8,0.389
16/03/2019,General Waste,3,0.331
18/03/2019,Dry Mixed Recyclate,3,0.102
18/03/2019,General Waste,3,0.317
18/03/2019,General Waste,8,0.777
18/03/2019,Kitchen/Canteen Wast,4,0.11
18/03/2019,Glass,1,0.01
19/03/2019,Dry Mixed Recyclate,3,0.08
19/03/2019,General Waste,3,0.1
19/03/2019,General Waste,8,0.69
20/03/2019,Dry Mixed Recyclate,3,0.086
20/03/2019,General Waste,3,0.129
20/03/2019,General Waste,8,0.578
21/03/2019,Dry Mixed Recyclate,3,0.079
21/03/2019,General Waste,3,0.172
21/03/2019,General Waste,8,0.623
22/03/2019,Dry Mixed Recyclate,3,0.06
22/03/2019,General Waste,8,0.272
22/03/2019,General Waste,3,0.105
23/03/2019,Dry Mixed Recyclate,3,0.146
23/03/2019,General Waste,3,0.139
23/03/2019,General Waste,8,0.59
25/03/2019,Dry Mixed Recyclate,3,0.056
25/03/2019,General Waste,3,0.177
25/03/2019,General Waste,8,0.77
25/03/2019,Kitchen/Canteen Wast,4,0.26
25/03/2019,Glass,1,0.01
26/03/2019,Dry Mixed Recyclate,3,0.27
26/03/2019,General Waste,3,0.32
26/03/2019,General Waste,8,0.59
27/03/2019,Dry Mixed Recyclate,3,0.116
27/03/2019,General Waste,3,0.063
27/03/2019,General Waste,8,0.46
28/03/2019,Dry Mixed Recyclate,3,0.132
28/03/2019,General Waste,3,0.125
28/03/2019,General Waste,8,0.551
29/03/2019,Dry Mixed Recyclate,3,0.1
29/03/2019,General Waste,8,0.3
29/03/2019,General Waste,3,0.09
30/03/2019,Dry Mixed Recyclate,3,0.101
30/03/2019,General Waste,3,0.224
30/03/2019,General Waste,8,0.583
01/04/2019,Dry Mixed Recyclate,3,0.125
01/04/2019,General Waste,3,0.171
01/04/2019,General Waste,8,0.999
01/04/2019,Kitchen/Canteen Wast,4,0.11
01/04/2019,Glass,1,0.01
02/04/2019,Dry Mixed Recyclate,3,0.07
02/04/2019,General Waste,3,0.12
02/04/2019,General Waste,8,0.22
03/04/2019,Dry Mixed Recyclate,3,0.142
03/04/2019,General Waste,3,0.144
03/04/2019,General Waste,8,0.389
04/04/2019,Dry Mixed Recyclate,3,0.121
04/04/2019,General Waste,3,0.074
04/04/2019,General Waste,8,0.521
05/04/2019,Dry Mixed Recyclate,3,0.075
05/04/2019,General Waste,8,0.2
05/04/2019,General Waste,3,0.15
06/04/2019,Dry Mixed Recyclate,3,0.121
06/04/2019,General Waste,3,0.243
06/04/2019,General Waste,8,0.496
08/04/2019,Dry Mixed Recyclate,3,0.119
08/04/2019,General Waste,3,0.217
08/04/2019,General Waste,8,0.897
08/04/2019,Kitchen/Canteen Wast,4,0.16
08/04/2019,Glass,1,0
09/04/2019,Dry Mixed Recyclate,3,0.12
09/04/2019,General Waste,3,0.13
09/04/2019,General Waste,8,0.32
10/04/2019,Dry Mixed Recyclate,3,0.126
10/04/2019,General Waste,3,0.172
10/04/2019,General Waste,8,0.519
11/04/2019,Dry Mixed Recyclate,3,0.121
11/04/2019,General Waste,3,0.244
11/04/2019,General Waste,8,0.809
12/04/2019,Dry Mixed Recyclate,3,0.07
12/04/2019,General Waste,8,0.22
12/04/2019,General Waste,3,0.09
13/04/2019,Dry Mixed Recyclate,3,0.124
13/04/2019,General Waste,3,0.457
13/04/2019,General Waste,8,0.826
15/04/2019,Dry Mixed Recyclate,3,0.087
15/04/2019,General Waste,3,0.124
15/04/2019,General Waste,8,0.828
15/04/2019,Kitchen/Canteen Wast,4,0.2
15/04/2019,Glass,1,0
16/04/2019,Dry Mixed Recyclate,3,0.15
16/04/2019,General Waste,3,0.3
16/04/2019,General Waste,8,0.6
17/04/2019,Dry Mixed Recyclate,3,0.158
17/04/2019,General Waste,3,0.358
17/04/2019,General Waste,8,0.443
18/04/2019,Dry Mixed Recyclate,3,0.12
18/04/2019,General Waste,3,0.38
18/04/2019,General Waste,8,0.484
19/04/2019,Dry Mixed Recyclate,3,0.02
19/04/2019,General Waste,8,0.025
19/04/2019,General Waste,3,0.03
20/04/2019,Dry Mixed Recyclate,3,0.086
20/04/2019,General Waste,3,0.158
20/04/2019,General Waste,8,0.244
22/04/2019,Dry Mixed Recyclate,3,0.088
22/04/2019,General Waste,3,0.198
22/04/2019,General Waste,8,0.999
22/04/2019,Kitchen/Canteen Wast,4,0.12
22/04/2019,Glass,1,0.005
23/04/2019,Dry Mixed Recyclate,3,0.048
23/04/2019,General Waste,3,0.081
23/04/2019,General Waste,8,0.494
24/04/2019,Dry Mixed Recyclate,3,0.114
24/04/2019,General Waste,3,0.127
24/04/2019,General Waste,8,0.576
25/04/2019,Dry Mixed Recyclate,3,0.119
25/04/2019,General Waste,3,0.239
25/04/2019,General Waste,8,0.45
26/04/2019,Dry Mixed Recyclate,3,0
26/04/2019,General Waste,8,0
26/04/2019,General Waste,3,0
27/04/2019,Dry Mixed Recyclate,3,0.121
27/04/2019,General Waste,3,0.156
27/04/2019,General Waste,8,0.677
29/04/2019,Dry Mixed Recyclate,3,0.192
29/04/2019,General Waste,8,1
29/04/2019,General Waste,3,0.135
29/04/2019,Kitchen/Canteen Wast,4,0.16
29/04/2019,Glass,1,0.05
30/04/2019,Dry Mixed Recyclate,3,0.05
30/04/2019,General Waste,3,0.09
30/04/2019,General Waste,8,0.22
01/05/2019,Dry Mixed Recyclate,3,0.087
01/05/2019,General Waste,3,0.436
01/05/2019,General Waste,8,1.077
02/05/2019,Dry Mixed Recyclate,3,0.065
02/05/2019,General Waste,3,0.355
02/05/2019,General Waste,8,0.812
03/05/2019,Dry Mixed Recyclate,3,0.08
03/05/2019,General Waste,8,1.002
03/05/2019,General Waste,3,0.404
04/05/2019,Dry Mixed Recyclate,3,0.109
04/05/2019,General Waste,3,0.163
04/05/2019,General Waste,8,0.582
06/05/2019,Dry Mixed Recyclate,3,0.06
06/05/2019,General Waste,3,0.127
06/05/2019,General Waste,8,1.395
06/05/2019,Kitchen/Canteen Wast,4,0.03
06/05/2019,Glass,1,0.001
07/05/2019,Dry Mixed Recyclate,3,0.02
07/05/2019,General Waste,3,0.09
07/05/2019,General Waste,8,0.06
08/05/2019,Dry Mixed Recyclate,3,0.219
08/05/2019,General Waste,3,0.267
08/05/2019,General Waste,8,0.788
09/05/2019,Dry Mixed Recyclate,3,0.123
09/05/2019,General Waste,3,0.364
09/05/2019,General Waste,8,0.98
10/05/2019,Dry Mixed Recyclate,3,0.05
10/05/2019,General Waste,8,0.45
10/05/2019,General Waste,3,0.11
11/05/2019,Dry Mixed Recyclate,3,0.136
11/05/2019,General Waste,3,0.191
11/05/2019,General Waste,8,0.462
13/05/2019,Dry Mixed Recyclate,3,0.065
13/05/2019,General Waste,8,1.631
13/05/2019,General Waste,3,0.46
13/05/2019,Kitchen/Canteen Wast,4,0.05
13/05/2019,Glass,1,0.01
14/05/2019,Dry Mixed Recyclate,3,0.08
14/05/2019,General Waste,3,0.11
14/05/2019,General Waste,8,0.3
15/05/2019,Dry Mixed Recyclate,3,0.137
15/05/2019,General Waste,3,0.224
15/05/2019,General Waste,8,0.282
16/05/2019,Dry Mixed Recyclate,3,0.092
16/05/2019,General Waste,3,0.378
16/05/2019,General Waste,8,1.018
17/05/2019,Dry Mixed Recyclate,3,0.09
17/05/2019,General Waste,8,0.35
17/05/2019,General Waste,3,0.11
18/05/2019,Dry Mixed Recyclate,3,0.128
18/05/2019,General Waste,3,0.48
18/05/2019,General Waste,8,0.464
20/05/2019,Dry Mixed Recyclate,3,0.06
20/05/2019,General Waste,3,0.175
20/05/2019,General Waste,8,0.633
20/05/2019,Kitchen/Canteen Wast,4,0.09
20/05/2019,Glass,1,0.01
21/05/2019,Dry Mixed Recyclate,3,0.1
21/05/2019,General Waste,3,0.125
21/05/2019,General Waste,8,0.21
22/05/2019,Dry Mixed Recyclate,3,0.105
22/05/2019,General Waste,3,0.188
22/05/2019,General Waste,8,0.512
23/05/2019,Dry Mixed Recyclate,3,0.203
23/05/2019,General Waste,3,0.337
23/05/2019,General Waste,8,0.786
24/05/2019,Dry Mixed Recyclate,3,0.08
24/05/2019,General Waste,8,0.25
24/05/2019,General Waste,3,0.1
25/05/2019,Dry Mixed Recyclate,3,0.099
25/05/2019,General Waste,3,0.23
25/05/2019,General Waste,8,0.653
27/05/2019,Dry Mixed Recyclate,3,0.06
27/05/2019,General Waste,8,1.494
27/05/2019,General Waste,3,0.434
27/05/2019,Kitchen/Canteen Wast,4,0.18
27/05/2019,Glass,1,0.01
28/05/2019,Dry Mixed Recyclate,3,0.12
28/05/2019,General Waste,3,0.11
28/05/2019,General Waste,8,0.28
29/05/2019,Dry Mixed Recyclate,3,0.153
29/05/2019,General Waste,3,0.322
29/05/2019,General Waste,8,0.763
30/05/2019,Dry Mixed Recyclate,3,0.06
30/05/2019,General Waste,3,0.293
30/05/2019,General Waste,8,0.691
31/05/2019,Dry Mixed Recyclate,3,0.09
31/05/2019,General Waste,8,0.2
31/05/2019,General Waste,3,0.05
01/06/2019,Dry Mixed Recyclate,3,0.162
01/06/2019,General Waste,3,0.47
01/06/2019,General Waste,8,1.143
03/06/2019,Dry Mixed Recyclate,3,0.03
03/06/2019,General Waste,3,0.405
03/06/2019,General Waste,8,0.791
03/06/2019,Kitchen/Canteen Wast,4,0.2
03/06/2019,Glass,1,0.01
04/06/2019,Dry Mixed Recyclate,3,0.12
04/06/2019,General Waste,3,0.18
04/06/2019,General Waste,8,0.48
05/06/2019,Dry Mixed Recyclate,3,0.05
05/06/2019,General Waste,3,0.364
05/06/2019,General Waste,8,0.579
06/06/2019,Dry Mixed Recyclate,3,0.035
06/06/2019,General Waste,3,0.31
06/06/2019,General Waste,8,0.455
07/06/2019,Dry Mixed Recyclate,3,0.06
07/06/2019,General Waste,8,0.27
07/06/2019,General Waste,3,0.088
08/06/2019,Dry Mixed Recyclate,3,0.127
08/06/2019,General Waste,3,0.255
08/06/2019,General Waste,8,0.92
10/06/2019,Dry Mixed Recyclate,3,0.038
10/06/2019,General Waste,8,1.139
10/06/2019,General Waste,3,0.298
10/06/2019,Kitchen/Canteen Wast,4,0.12
10/06/2019,Glass,1,0.01
11/06/2019,Dry Mixed Recyclate,3,0.08
11/06/2019,General Waste,8,0.29
11/06/2019,General Waste,3,0.13
12/06/2019,Dry Mixed Recyclate,3,0.066
12/06/2019,General Waste,3,0.281
12/06/2019,General Waste,8,0.582
13/06/2019,Dry Mixed Recyclate,3,0.054
13/06/2019,General Waste,3,0.089
13/06/2019,General Waste,8,0.886
14/06/2019,Dry Mixed Recyclate,3,0.13
14/06/2019,General Waste,8,0.21
14/06/2019,General Waste,3,0.08
15/06/2019,Dry Mixed Recyclate,3,0.093
15/06/2019,General Waste,3,0.136
15/06/2019,General Waste,8,0.505
17/06/2019,Dry Mixed Recyclate,3,0.044
17/06/2019,General Waste,3,0.068
17/06/2019,General Waste,8,1.07
17/06/2019,Kitchen/Canteen Wast,4,0.08
17/06/2019,Glass,1,0.01
18/06/2019,Dry Mixed Recyclate,3,0.03
18/06/2019,General Waste,3,0.18
18/06/2019,General Waste,8,0.48
19/06/2019,Dry Mixed Recyclate,3,0.035
19/06/2019,General Waste,3,0.277
19/06/2019,General Waste,8,0.493
20/06/2019,Dry Mixed Recyclate,3,0.028
20/06/2019,General Waste,8,0.574
20/06/2019,General Waste,3,0.251
21/06/2019,Dry Mixed Recyclate,3,0.08
21/06/2019,General Waste,8,0.467
21/06/2019,General Waste,3,0.199
22/06/2019,Dry Mixed Recyclate,3,0.39
22/06/2019,General Waste,3,0.33
22/06/2019,General Waste,8,0.541
24/06/2019,Dry Mixed Recyclate,3,0.221
24/06/2019,General Waste,8,0.555
24/06/2019,General Waste,3,0.43
24/06/2019,Kitchen/Canteen Wast,4,0.1
24/06/2019,Glass,1,0.04
25/06/2019,Dry Mixed Recyclate,3,0.275
25/06/2019,General Waste,8,0.718
25/06/2019,General Waste,3,0.26
26/06/2019,Dry Mixed Recyclate,3,0.122
26/06/2019,General Waste,3,0.391
26/06/2019,General Waste,8,1.209
27/06/2019,Dry Mixed Recyclate,3,0.155
27/06/2019,General Waste,3,0.35
27/06/2019,General Waste,8,0.78
28/06/2019,Dry Mixed Recyclate,3,0.164
28/06/2019,General Waste,8,0.884
28/06/2019,General Waste,3,0.333
29/06/2019,Dry Mixed Recyclate,3,0.104
29/06/2019,General Waste,3,0.128
29/06/2019,General Waste,8,0.568
01/07/2019,Dry Mixed Recyclate,3,0
01/07/2019,General Waste,3,0
01/07/2019,General Waste,8,0
01/07/2019,Kitchen/Canteen Wast,3,0.12
01/07/2019,Glass,1,0
02/07/2019,Dry Mixed Recyclate,3,0
02/07/2019,General Waste,3,0
02/07/2019,General Waste,8,0
03/07/2019,Dry Mixed Recyclate,3,0.103
03/07/2019,General Waste,3,0.168
03/07/2019,General Waste,8,0.69
04/07/2019,Dry Mixed Recyclate,3,0.145
04/07/2019,General Waste,3,0.456
04/07/2019,General Waste,8,0.641
05/07/2019,Dry Mixed Recyclate,3,0.13
05/07/2019,General Waste,8,0.46
05/07/2019,General Waste,3,0.15
06/07/2019,Dry Mixed Recyclate,3,0.048
06/07/2019,General Waste,3,0.339
06/07/2019,General Waste,8,0.626
08/07/2019,Dry Mixed Recyclate,3,0.075
08/07/2019,General Waste,8,1.304
08/07/2019,General Waste,3,0.066
08/07/2019,Kitchen/Canteen Wast,4,0.05
08/07/2019,Glass,1,0.025
09/07/2019,Dry Mixed Recyclate,3,0.15
09/07/2019,General Waste,8,0.755
09/07/2019,General Waste,3,0.3
10/07/2019,Dry Mixed Recyclate,3,0.068
10/07/2019,General Waste,3,0.135
10/07/2019,General Waste,8,0.869
11/07/2019,Dry Mixed Recyclate,3,0.055
11/07/2019,General Waste,3,0.138
11/07/2019,General Waste,8,0.632
12/07/2019,Dry Mixed Recyclate,3,0.107
12/07/2019,General Waste,8,0.607
12/07/2019,General Waste,3,0.142
13/07/2019,Dry Mixed Recyclate,3,0.076
13/07/2019,General Waste,3,0.154
13/07/2019,General Waste,8,0.623
15/07/2019,Dry Mixed Recyclate,3,0.055
15/07/2019,General Waste,3,0.06
15/07/2019,General Waste,8,1.25
15/07/2019,Kitchen/Canteen Wast,4,0.08
15/07/2019,Glass,1,0.01
16/07/2019,Dry Mixed Recyclate,3,0.24
16/07/2019,General Waste,3,0.24
16/07/2019,General Waste,8,0.695
17/07/2019,Dry Mixed Recyclate,3,0.1
17/07/2019,General Waste,3,0.05
17/07/2019,General Waste,8,0.841
18/07/2019,Dry Mixed Recyclate,3,0.04
18/07/2019,General Waste,3,0.19
18/07/2019,General Waste,8,0.787
19/07/2019,Dry Mixed Recyclate,3,0.135
19/07/2019,General Waste,8,0.36
19/07/2019,General Waste,3,0.135
20/07/2019,Dry Mixed Recyclate,3,0.14
20/07/2019,General Waste,3,0.28
20/07/2019,General Waste,8,0.7
22/07/2019,Dry Mixed Recyclate,3,0.065
22/07/2019,General Waste,8,1.002
22/07/2019,General Waste,3,0.07
22/07/2019,Kitchen/Canteen Wast,4,0.143
22/07/2019,Glass,1,0.01
23/07/2019,Dry Mixed Recyclate,3,0.2
23/07/2019,General Waste,8,0.42
23/07/2019,General Waste,3,0.12
24/07/2019,Dry Mixed Recyclate,3,0.197
24/07/2019,General Waste,3,0.232
24/07/2019,General Waste,8,0.641
25/07/2019,Dry Mixed Recyclate,3,0.218
25/07/2019,General Waste,3,0.213
25/07/2019,General Waste,8,0.533
26/07/2019,Dry Mixed Recyclate,3,0.076
26/07/2019,General Waste,8,0.536
26/07/2019,General Waste,3,0.05
27/07/2019,Dry Mixed Recyclate,3,0.119
27/07/2019,General Waste,3,0.428
27/07/2019,General Waste,8,0.506
29/07/2019,Dry Mixed Recyclate,3,0.112
29/07/2019,General Waste,8,0.93
29/07/2019,General Waste,3,0.015
29/07/2019,Kitchen/Canteen Wast,4,0.3
29/07/2019,Glass,1,0.01
30/07/2019,Dry Mixed Recyclate,3,0.12
30/07/2019,General Waste,3,0.24
30/07/2019,General Waste,8,0.64
31/07/2019,Dry Mixed Recyclate,3,0.045
31/07/2019,General Waste,3,0.038
31/07/2019,General Waste,8,0.606
01/08/2019,Dry Mixed Recyclate,3,0.067
01/08/2019,General Waste,8,0.613
01/08/2019,General Waste,3,0.224
02/08/2019,Dry Mixed Recyclate,3,0.045
02/08/2019,General Waste,8,0.598
02/08/2019,General Waste,3,0.062
03/08/2019,Dry Mixed Recyclate,3,0.075
03/08/2019,General Waste,3,0.089
03/08/2019,General Waste,8,0.949
05/08/2019,Dry Mixed Recyclate,3,0.019
05/08/2019,General Waste,8,0.944
05/08/2019,General Waste,3,0.096
05/08/2019,Kitchen/Canteen Wast,4,0.32
06/08/2019,Glass,1,0.01
06/08/2019,Dry Mixed Recyclate,3,0.18
06/08/2019,General Waste,8,0.48
06/08/2019,General Waste,3,0.18
07/08/2019,Dry Mixed Recyclate,3,0.034
07/08/2019,General Waste,3,0.032
07/08/2019,General Waste,8,0.591
08/08/2019,Dry Mixed Recyclate,3,0.04
08/08/2019,General Waste,3,0.045
08/08/2019,General Waste,8,0.536
09/08/2019,Dry Mixed Recyclate,3,0.021
09/08/2019,General Waste,8,0.59
09/08/2019,General Waste,3,0.05
10/08/2019,Dry Mixed Recyclate,3,0.003
10/08/2019,General Waste,3,0.003
10/08/2019,General Waste,8,0.63
12/08/2019,Dry Mixed Recyclate,3,0.155
12/08/2019,General Waste,3,0.12
12/08/2019,General Waste,8,0.692
12/08/2019,Kitchen/Canteen Wast,4,0.114
12/08/2019,Glass,1,0
13/08/2019,Dry Mixed Recyclate,3,0.156
13/08/2019,General Waste,3,0.208
13/08/2019,General Waste,8,0.528
14/08/2019,Dry Mixed Recyclate,3,0.012
14/08/2019,General Waste,8,0.604
14/08/2019,General Waste,3,0.078
15/08/2019,Dry Mixed Recyclate,3,0.059
15/08/2019,General Waste,8,0.619
15/08/2019,General Waste,3,0.139
16/08/2019,Dry Mixed Recyclate,3,0.152
16/08/2019,General Waste,8,0.487
16/08/2019,General Waste,3,0.362
17/08/2019,Dry Mixed Recyclate,3,0.139
17/08/2019,General Waste,3,0.315
17/08/2019,General Waste,8,0.837
19/08/2019,Dry Mixed Recyclate,3,0.114
19/08/2019,General Waste,3,0.02
19/08/2019,General Waste,8,0.998
19/08/2019,Kitchen/Canteen Wast,4,0.09
19/08/2019,Glass,1,0.02
20/08/2019,Dry Mixed Recyclate,3,0.06
20/08/2019,General Waste,8,0.48
20/08/2019,General Waste,3,0.18
21/08/2019,Dry Mixed Recyclate,3,0.099
21/08/2019,General Waste,8,0.64
21/08/2019,General Waste,3,0.038
22/08/2019,Dry Mixed Recyclate,3,0.029
22/08/2019,General Waste,3,0.055
22/08/2019,General Waste,8,0.611
23/08/2019,Dry Mixed Recyclate,3,0.182
23/08/2019,General Waste,8,0.586
23/08/2019,General Waste,3,0.37
24/08/2019,Dry Mixed Recyclate,3,0.205
24/08/2019,General Waste,8,0.617
24/08/2019,General Waste,3,0.292
26/08/2019,Dry Mixed Recyclate,3,0.051
26/08/2019,General Waste,3,0.111
26/08/2019,General Waste,8,0.875
26/08/2019,Kitchen/Canteen Wast,4,0.08
26/08/2019,Glass,1,0.04
27/08/2019,Dry Mixed Recyclate,3,0.25
27/08/2019,General Waste,3,0.245
27/08/2019,General Waste,8,0.25
28/08/2019,Dry Mixed Recyclate,3,0.036
28/08/2019,General Waste,8,0.613
28/08/2019,General Waste,3,0.045
29/08/2019,Dry Mixed Recyclate,3,0.142
29/08/2019,General Waste,8,0.811
29/08/2019,General Waste,3,0.086
30/08/2019,Dry Mixed Recyclate,3,0.04
30/08/2019,General Waste,8,0.65
30/08/2019,General Waste,3,0.2
31/08/2019,Dry Mixed Recyclate,3,0.144
31/08/2019,General Waste,3,0.271
31/08/2019,General Waste,8,0.612